#{"t_start": 1734289268.8454342, "env_id": "roundabout-v0"}
r,l,t
4.25,6,0.144679
8.0,11,0.393173
10.607143,11,0.637025
8.178571,10,0.865487
9.571429,11,1.109752
7.892857,11,1.357301
9.464286,11,1.605621
10.178571,11,1.860133
9.0,11,2.111294
8.25,11,2.365749
8.392857,11,2.612509
10.75,11,2.853238
8.285714,11,3.101678
2.0,3,3.175852
9.964286,11,3.415315
9.964286,11,3.656191
8.75,11,3.909532
8.535714,11,4.155279
8.928571,11,4.402493
8.571429,11,4.680601
8.892857,11,4.956751
3.678571,5,5.090532
8.928571,11,5.356256
4.75,6,5.506257
8.071429,11,5.775077
10.642857,11,6.04141
8.214286,11,6.320409
8.75,11,6.603522
8.75,11,6.90152
8.571429,11,7.188363
7.071429,10,7.436517
9.285714,11,7.705068
1.142857,2,7.762351
10.357143,11,8.061116
7.892857,11,8.331387
10.535714,11,8.596148
1.142857,2,8.652301
10.178571,11,8.925729
8.107143,11,9.196381
3.892857,5,9.326707
10.214286,11,9.601241
1.285714,2,9.65702
10.678571,11,9.922137
8.857143,11,10.186115
9.464286,11,10.457795
1.285714,2,10.515229
8.928571,11,10.802626
8.392857,11,11.087793
10.821429,11,11.361115
10.321429,11,11.62538
5.392857,7,11.80465
10.464286,11,12.071588
1.285714,2,12.128933
8.607143,11,12.399753
9.678571,11,12.66697
9.178571,11,12.933961
9.5,11,13.203507
9.285714,11,13.472972
7.821429,11,13.787547
1.285714,2,13.86807
10.428571,11,14.165119
3.714286,5,14.301643
10.5,11,14.587867
3.821429,5,14.718116
1.142857,2,14.77753
2.928571,4,14.882645
10.214286,11,15.156396
8.75,11,15.442813
3.928571,5,15.577701
2.892857,4,15.684011
10.678571,11,15.983194
10.178571,11,16.259614
9.714286,11,16.537342
10.357143,11,16.827143
4.571429,6,17.013198
1.142857,2,17.068236
1.25,2,17.125615
6.464286,8,17.32617
10.892857,11,17.586047
1.142857,2,17.640044
1.142857,2,17.698334
1.25,2,17.753081
10.607143,11,18.017974
1.285714,2,18.072702
1.285714,2,18.128926
10.535714,11,18.410213
1.25,2,18.466053
1.285714,2,18.522502
1.285714,2,18.591804
3.821429,5,18.719625
1.285714,2,18.77617
5.535714,7,18.958452
1.25,2,19.015229
10.25,11,19.314428
1.0,2,19.383134
1.25,2,19.444047
10.75,11,19.733875
1.25,2,19.795979
9.035714,11,20.079146
9.75,11,20.402881
1.107143,2,20.461199
1.928571,3,20.542551
10.178571,11,20.835599
1.25,2,20.900491
1.285714,2,20.975642
6.5,8,21.178106
2.0,3,21.256949
1.142857,2,21.311571
4.642857,6,21.463196
9.678571,11,21.806943
9.928571,11,22.135639
7.892857,10,22.392629
1.285714,2,22.453785
9.785714,11,22.728264
8.392857,11,23.017965
10.571429,11,23.310629
1.285714,2,23.368492
6.035714,7,23.549974
9.821429,11,23.830034
10.071429,11,24.109353
9.892857,11,24.386359
6.928571,9,24.607953
10.178571,11,24.875588
1.285714,2,24.932245
10.785714,11,25.194665
10.142857,11,25.470662
5.25,6,25.626782
1.25,2,25.681904
8.035714,11,25.953162
4.678571,6,26.113163
9.5,11,26.402997
1.25,2,26.457323
10.535714,11,26.727389
10.928571,11,26.996638
10.035714,11,27.264053
7.107143,10,27.527663
10.821429,11,27.803294
10.928571,11,28.068899
4.75,6,28.22782
1.25,2,28.28334
1.25,2,28.339667
5.071429,6,28.495963
10.214286,11,28.773086
1.25,2,28.828509
10.607143,11,29.132565
1.0,2,29.187203
9.892857,11,29.457346
1.107143,2,29.514141
1.285714,2,29.5693
10.714286,11,29.846708
1.25,2,29.906142
10.857143,11,30.184274
10.785714,11,30.467007
3.214286,4,30.570318
10.392857,11,30.846004
1.25,2,30.927021
5.785714,7,31.120219
10.892857,11,31.428358
10.821429,11,31.689449
10.428571,11,31.959742
5.357143,7,32.137373
11.0,11,32.399835
10.821429,11,32.666433
1.285714,2,32.720873
5.107143,6,32.880898
5.571429,7,33.086298
10.892857,11,33.357042
1.285714,2,33.413543
1.25,2,33.470447
10.892857,11,33.7336
10.892857,11,33.995201
10.321429,11,34.272897
5.142857,6,34.430911
10.928571,11,34.712933
3.107143,4,34.834127
5.25,6,34.993327
9.428571,11,35.262154
10.964286,11,35.568654
1.285714,2,35.625359
1.285714,2,35.683513
1.25,2,35.741099
10.428571,11,36.016897
1.25,2,36.071207
10.607143,11,36.326377
4.821429,6,36.480161
10.785714,11,36.748868
10.75,11,37.04142
1.285714,2,37.096448
10.785714,11,37.368316
1.285714,2,37.4247
1.25,2,37.480249
1.285714,2,37.535056
10.821429,11,37.806649
1.285714,2,37.863795
1.285714,2,37.921415
4.678571,6,38.088194
1.285714,2,38.146154
10.571429,11,38.420873
10.535714,11,38.729456
1.25,2,38.78661
2.142857,3,38.885824
10.785714,11,39.176189
1.285714,2,39.23026
10.821429,11,39.495171
5.5,7,39.670815
9.392857,11,39.937158
10.821429,11,40.204753
11.0,11,40.473539
10.821429,11,40.738199
10.714286,11,41.01729
9.857143,11,41.291625
10.928571,11,41.561771
1.285714,2,41.620406
10.964286,11,41.892753
10.785714,11,42.216377
1.25,2,42.274301
1.25,2,42.337505
10.642857,11,42.626734
10.964286,11,42.898004
4.25,5,43.03002
6.857143,8,43.257255
10.785714,11,43.525085
10.785714,11,43.806937
1.285714,2,43.861766
4.964286,6,44.022996
10.821429,11,44.294149
10.75,11,44.558528
10.928571,11,44.827147
1.285714,2,44.883164
10.678571,11,45.156628
10.964286,11,45.438738
1.285714,2,45.494292
11.0,11,45.774401
1.285714,2,45.838397
1.285714,2,45.905068
5.785714,7,46.099608
1.285714,2,46.162019
2.285714,3,46.255516
1.285714,2,46.324138
3.714286,5,46.459982
10.964286,11,46.741537
1.285714,2,46.810953
10.964286,11,47.097063
5.25,6,47.264564
10.75,11,47.598127
10.892857,11,47.87633
10.892857,11,48.148177
11.0,11,48.426983
10.607143,11,48.715772
1.285714,2,48.773056
1.285714,2,48.830072
11.0,11,49.117363
11.0,11,49.386987
10.928571,11,49.666224
10.571429,11,49.936717
10.964286,11,50.206248
11.0,11,50.497793
1.285714,2,50.56652
1.285714,2,50.625746
1.285714,2,50.680476
10.892857,11,50.951121
1.285714,2,51.00561
7.107143,8,51.242074
5.464286,7,51.4272
1.285714,2,51.486823
1.285714,2,51.543245
4.857143,6,51.730158
3.0,4,51.853989
10.642857,11,52.190682
1.285714,2,52.246939
10.535714,11,52.556834
10.892857,11,52.843493
1.285714,2,52.911514
9.964286,11,53.1999
1.285714,2,53.260608
10.928571,11,53.528735
1.285714,2,53.59925
10.964286,11,53.88947
10.928571,11,54.173553
10.714286,11,54.443634
1.785714,3,54.526265
7.214286,8,54.732789
11.0,11,55.001743
5.25,6,55.161715
1.285714,2,55.220786
1.285714,2,55.277941
1.25,2,55.332783
11.0,11,55.60443
4.214286,5,55.7321
1.142857,2,55.785621
10.892857,11,56.06536
1.25,2,56.134435
1.25,2,56.200417
11.0,11,56.52585
1.285714,2,56.584785
11.0,11,56.879524
1.25,2,56.943863
1.25,2,57.018285
10.964286,11,57.307682
11.0,11,57.587893
9.0,11,57.887938
11.0,11,58.191114
1.285714,2,58.246964
10.928571,11,58.531393
10.928571,11,58.798483
1.285714,2,58.853817
10.821429,11,59.11868
1.285714,2,59.172255
10.464286,11,59.446479
6.75,8,59.644536
10.571429,11,59.919918
1.25,2,59.976607
5.571429,7,60.181141
5.678571,7,60.380791
9.785714,11,60.673298
6.821429,8,60.889332
10.928571,11,61.203994
1.285714,2,61.259964
10.785714,11,61.533585
2.964286,4,61.639659
10.964286,11,61.911047
10.535714,11,62.18341
1.285714,2,62.23844
5.285714,6,62.393364
1.285714,2,62.450116
1.285714,2,62.504943
11.0,11,62.780791
3.964286,5,62.910825
10.75,11,63.185773
10.285714,11,63.459124
1.857143,3,63.537223
4.0,5,63.666566
10.464286,11,63.965795
10.964286,11,64.327371
1.25,2,64.383223
10.892857,11,64.658283
10.892857,11,64.955383
10.535714,11,65.217131
1.142857,2,65.272355
10.357143,11,65.543
10.571429,11,65.805541
5.821429,7,65.985663
6.285714,7,66.170166
1.285714,2,66.22625
10.964286,11,66.511787
10.714286,11,66.842122
1.285714,2,66.897804
10.964286,11,67.166099
10.107143,11,67.450973
3.75,5,67.623405
10.535714,11,67.943385
10.535714,11,68.222574
7.75,9,68.453991
4.857143,6,68.604445
5.428571,7,68.790971
10.464286,11,69.077569
11.0,11,69.344383
9.571429,11,69.617298
9.964286,11,69.914389
6.535714,8,70.137841
11.0,11,70.450616
10.25,11,70.72175
9.75,11,71.001778
6.678571,8,71.240429
10.678571,11,71.636457
4.857143,6,71.833484
10.071429,11,72.141378
7.214286,9,72.388623
9.642857,11,72.688659
9.571429,11,72.987289
3.821429,5,73.140767
4.785714,6,73.334341
10.357143,11,73.636161
6.821429,8,73.876434
4.785714,6,74.090405
5.75,7,74.287445
10.214286,11,74.634166
9.785714,11,74.933582
3.785714,5,75.104434
10.392857,11,75.398337
4.785714,6,75.563826
9.964286,11,75.86288
6.25,8,76.084249
10.5,11,76.382482
7.25,9,76.640898
9.857143,11,76.972746
9.892857,11,77.248669
10.535714,11,77.516566
10.535714,11,77.829329
10.464286,11,78.103318
5.785714,7,78.304853
7.25,9,78.56098
10.285714,11,78.83643
9.25,11,79.102189
9.678571,11,79.367945
10.357143,11,79.667066
10.357143,11,79.944538
10.464286,11,80.225732
5.714286,7,80.417881
9.464286,11,80.750999
10.285714,11,81.053137
9.892857,11,81.340642
5.678571,7,81.531512
10.357143,11,81.806654
9.857143,11,82.078071
6.535714,8,82.276735
7.178571,9,82.502706
9.821429,11,82.774358
9.785714,11,83.054467
10.285714,11,83.327418
10.928571,11,83.598781
6.571429,8,83.799943
9.964286,11,84.106744
6.464286,8,84.307783
9.464286,11,84.577785
9.857143,11,84.846968
6.25,8,85.058367
8.178571,10,85.306279
9.785714,11,85.578914
7.821429,10,85.824959
6.821429,9,86.053376
9.25,11,86.329933
3.821429,5,86.459044
1.285714,2,86.513885
9.928571,11,86.784386
9.785714,11,87.056446
9.571429,11,87.32932
9.035714,11,87.6085
6.178571,8,87.819025
10.642857,11,88.100025
9.892857,11,88.371387
8.071429,10,88.635014
8.464286,11,88.91827
9.535714,11,89.189562
9.642857,11,89.564069
5.535714,7,89.79166
9.964286,11,90.095269
9.607143,11,90.364199
9.928571,11,90.637835
9.5,11,90.908608
10.214286,11,91.181247
5.571429,7,91.379714
10.714286,11,91.658634
6.607143,8,91.859847
10.392857,11,92.140302
9.928571,11,92.422024
9.035714,11,92.707505
9.5,11,93.004725
9.785714,11,93.329898
9.857143,11,93.607713
9.714286,11,93.927258
10.0,11,94.210695
9.178571,11,94.483994
10.535714,11,94.75648
10.642857,11,95.028377
3.714286,5,95.163555
3.5,5,95.339065
5.821429,7,95.558108
3.821429,5,95.689953
9.857143,11,95.986146
10.678571,11,96.291298
9.571429,11,96.571159
5.785714,7,96.751517
8.75,11,97.016293
9.5,11,97.30411
9.928571,11,97.580916
10.285714,11,97.870214
10.392857,11,98.156187
4.714286,6,98.314716
3.678571,5,98.446299
2.964286,4,98.554351
5.821429,7,98.739629
7.0,9,98.970886
10.071429,11,99.249224
10.214286,11,99.529174
3.821429,5,99.662764
8.964286,11,99.941969
9.857143,11,100.212574
1.285714,2,100.26849
10.964286,11,100.54042
3.714286,5,100.670789
5.535714,7,100.846154
8.607143,11,101.12423
10.0,11,101.391701
10.392857,11,101.67249
9.785714,11,101.942192
10.142857,11,102.211826
10.214286,11,102.482953
7.178571,9,102.713823
3.821429,5,102.844592
10.75,11,103.110721
10.464286,11,103.38147
11.0,11,103.6981
10.178571,11,103.991614
9.75,11,104.264849
5.642857,7,104.448702
10.214286,11,104.723526
10.571429,11,105.029425
5.571429,7,105.219527
10.535714,11,105.492697
5.535714,7,105.676266
6.607143,8,105.900318
5.5,7,106.082949
10.321429,11,106.358468
9.571429,11,106.645591
9.607143,11,106.933429
9.75,11,107.268202
9.892857,11,107.548569
1.142857,2,107.608445
10.392857,11,107.929609
10.428571,11,108.211282
10.857143,11,108.516848
4.714286,6,108.751542
10.5,11,109.070941
10.357143,11,109.370694
10.428571,11,109.674677
10.571429,11,110.022407
10.428571,11,110.299604
4.642857,6,110.453147
6.5,8,110.655547
10.392857,11,110.934685
7.178571,9,111.164248
3.857143,5,111.297842
5.142857,6,111.454155
3.642857,5,111.582542
5.75,7,111.76935
6.785714,8,112.026679
10.392857,11,112.306191
10.428571,11,112.598441
9.75,11,112.871128
5.857143,7,113.056464
10.392857,11,113.353995
6.321429,8,113.56427
5.642857,7,113.743108
4.821429,6,113.900755
1.107143,2,113.95689
1.107143,2,114.013565
10.464286,11,114.288658
1.142857,2,114.343753
7.857143,9,114.572092
5.571429,7,114.756695
3.535714,5,114.88868
10.357143,11,115.16452
10.428571,11,115.431646
10.535714,11,115.699893
1.142857,2,115.753638
3.75,5,115.88601
10.535714,11,116.161226
5.964286,7,116.36812
10.357143,11,116.678472
3.107143,4,116.78915
10.178571,11,117.059276
4.678571,6,117.212374
4.821429,6,117.367072
4.785714,6,117.519735
10.714286,11,117.784472
3.75,5,117.917506
10.642857,11,118.18994
6.535714,8,118.391908
4.0,5,118.520054
4.714286,6,118.671709
2.928571,4,118.777551
10.428571,11,119.052956
4.75,6,119.217469
10.357143,11,119.486784
10.428571,11,119.762008
1.714286,3,119.848382
9.821429,11,120.132414
5.714286,7,120.315299
7.107143,9,120.544444
9.357143,11,120.823067
10.392857,11,121.104721
10.357143,11,121.407777
10.214286,11,121.703633
10.428571,11,121.998821
10.357143,11,122.270106
9.964286,11,122.521719
6.642857,8,122.734978
10.428571,11,123.020473
7.107143,9,123.253597
4.714286,6,123.407036
3.678571,5,123.548099
6.464286,8,123.75343
4.714286,6,123.908959
10.464286,11,124.187973
6.857143,8,124.389141
4.75,6,124.54484
10.5,11,124.815099
9.892857,11,125.08691
10.357143,11,125.373127
10.464286,11,125.67369
10.392857,11,125.96393
3.964286,5,126.11918
10.357143,11,126.426466
4.714286,6,126.587204
10.678571,11,126.930983
10.464286,11,127.214018
6.428571,8,127.428024
10.571429,11,127.703521
5.821429,7,127.880154
5.714286,7,128.059837
10.25,11,128.361332
9.785714,11,128.646372
10.5,11,128.917917
5.928571,7,129.113401
5.928571,7,129.317292
10.571429,11,129.59099
10.392857,11,129.864987
10.285714,11,130.141387
5.714286,7,130.326035
3.678571,5,130.456943
6.357143,8,130.661602
4.821429,6,130.827222
5.75,7,131.013219
10.214286,11,131.288151
9.321429,11,131.560813
9.821429,11,131.838337
10.571429,11,132.119871
10.178571,11,132.403173
10.321429,11,132.683292
9.892857,11,132.958633
9.785714,11,133.234313
9.5,11,133.507965
4.678571,6,133.65938
10.071429,11,133.92906
9.321429,11,134.212754
6.642857,8,134.423275
9.857143,11,134.713503
4.678571,6,134.902845
6.5,8,135.206714
3.571429,5,135.341693
1.857143,3,135.441715
9.964286,11,135.727843
9.071429,11,136.000468
3.0,4,136.104976
9.535714,11,136.389811
5.428571,7,136.582604
4.535714,6,136.738997
9.857143,11,137.008993
10.5,11,137.286678
7.107143,9,137.589279
9.5,11,137.867753
3.928571,5,138.000692
3.928571,5,138.141646
6.214286,8,138.351362
6.357143,8,138.557817
4.857143,6,138.711311
6.285714,8,138.924363
6.964286,8,139.157815
3.642857,5,139.29031
9.785714,11,139.561004
7.035714,9,139.788947
10.5,11,140.07591
5.535714,7,140.279756
9.428571,11,140.558459
10.178571,11,140.862731
9.678571,11,141.147928
9.75,11,141.464015
6.464286,8,141.67804
6.607143,8,141.887469
10.5,11,142.175504
10.5,11,142.457777
5.678571,7,142.65055
4.678571,6,142.818322
6.428571,8,143.034574
5.5,7,143.221941
10.571429,11,143.514741
10.107143,11,143.784351
4.678571,6,143.954526
10.321429,11,144.252794
5.785714,7,144.460066
10.214286,11,144.786391
10.607143,11,145.066955
6.928571,8,145.272016
4.821429,6,145.46608
10.142857,11,145.740199
10.428571,11,146.014091
5.821429,7,146.197084
6.392857,8,146.406498
10.5,11,146.67514
10.25,11,146.960049
3.642857,5,147.095055
3.714286,5,147.230292
7.178571,9,147.466955
10.607143,11,147.75753
5.5,7,147.946725
10.464286,11,148.249798
10.357143,11,148.541745
1.821429,3,148.62688
3.678571,5,148.768412
10.428571,11,149.037756
8.785714,10,149.339093
10.142857,11,149.650246
3.678571,5,149.795399
7.714286,9,150.100093
5.892857,7,150.330048
10.5,11,150.627903
3.642857,5,150.757598
10.071429,11,151.029252
9.714286,11,151.305488
10.428571,11,151.579025
10.607143,11,151.89291
10.5,11,152.218431
9.857143,11,152.506574
10.321429,11,152.803487
10.285714,11,153.071741
10.071429,11,153.350225
6.571429,8,153.557966
1.75,3,153.638452
6.678571,8,153.846207
4.535714,6,153.998936
10.464286,11,154.342525
10.428571,11,154.619618
4.0,5,154.750592
2.0,3,154.844547
4.821429,6,155.001776
10.535714,11,155.273437
10.535714,11,155.545552
10.535714,11,155.812237
10.392857,11,156.089551
3.0,4,156.208557
7.75,9,156.467659
4.785714,6,156.628505
2.0,3,156.713802
10.642857,11,156.99804
10.428571,11,157.270661
1.25,2,157.326327
4.25,6,157.474919
5.678571,7,157.655546
10.178571,11,157.93133
1.785714,3,158.010102
10.571429,11,158.316963
3.107143,4,158.426007
10.571429,11,158.690136
10.428571,11,158.985276
2.0,3,159.064469
6.392857,8,159.267641
9.392857,11,159.547394
6.607143,8,159.749434
6.642857,8,159.949524
5.714286,7,160.130464
5.75,7,160.313386
4.75,6,160.469096
10.5,11,160.747597
10.142857,11,161.023362
10.464286,11,161.300198
9.928571,11,161.570462
10.142857,11,161.839268
10.035714,11,162.132375
10.071429,11,162.419467
3.0,4,162.530436
10.535714,11,162.821555
10.5,11,163.092678
6.428571,8,163.300182
9.5,11,163.573578
10.678571,11,163.866069
2.964286,4,163.975188
2.0,3,164.056226
10.285714,11,164.333094
10.5,11,164.607257
10.464286,11,164.894134
3.75,5,165.026351
10.357143,11,165.312468
7.25,9,165.538778
3.642857,5,165.670518
8.821429,11,165.950761
10.392857,11,166.239049
5.714286,7,166.416965
9.857143,11,166.680105
9.607143,11,166.949992
10.071429,11,167.221577
4.678571,6,167.395518
10.392857,11,167.681862
7.178571,9,167.907589
10.392857,11,168.175606
5.75,7,168.36715
10.107143,11,168.65065
10.178571,11,168.924559
10.25,11,169.194353
10.142857,11,169.463686
4.678571,6,169.647425
9.464286,11,169.920625
4.678571,6,170.101777
10.357143,11,170.390893
9.821429,11,170.667174
3.678571,5,170.797297
6.535714,8,171.004162
4.642857,6,171.159198
10.535714,11,171.490716
4.857143,6,171.667022
10.535714,11,171.948822
3.714286,5,172.087174
1.857143,3,172.19311
5.571429,7,172.396473
3.0,4,172.503778
10.285714,11,172.819534
6.571429,8,173.040124
6.821429,8,173.25895
1.857143,3,173.343451
3.714286,5,173.480663
2.0,3,173.566161
10.178571,11,173.843194
10.321429,11,174.113268
5.321429,7,174.293271
5.5,7,174.53616
8.607143,10,174.837601
6.392857,8,175.057349
10.0,11,175.344758
5.75,7,175.543571
10.357143,11,175.823977
9.857143,11,176.115364
5.785714,7,176.296643
10.535714,11,176.586645
6.428571,8,176.796926
9.321429,11,177.076911
10.357143,11,177.350792
5.928571,7,177.533261
6.464286,8,177.750195
9.75,11,178.037134
10.0,11,178.308982
4.714286,6,178.464646
10.142857,11,178.739998
4.857143,6,178.893278
9.714286,11,179.16748
9.142857,11,179.445226
10.178571,11,179.718825
3.714286,5,179.850215
9.642857,11,180.126393
10.428571,11,180.414934
10.5,11,180.696029
10.357143,11,180.970656
10.035714,11,181.248137
4.821429,6,181.405001
8.071429,10,181.651623
5.535714,7,181.829632
9.857143,11,182.103931
9.75,11,182.388884
9.892857,11,182.707115
10.0,11,182.998048
9.392857,11,183.280994
8.607143,10,183.584571
10.428571,11,183.918854
10.428571,11,184.218572
10.142857,11,184.49201
10.321429,11,184.770391
3.857143,5,184.933673
4.821429,6,185.091731
10.571429,11,185.401251
9.321429,11,185.67599
6.5,8,185.900182
10.25,11,186.185082
10.214286,11,186.46546
7.785714,9,186.70299
10.714286,11,186.982147
4.0,5,187.117766
8.714286,10,187.385078
10.642857,11,187.707956
10.464286,11,187.992782
10.642857,11,188.267491
3.464286,5,188.399199
10.5,11,188.744111
5.928571,7,188.929211
6.464286,8,189.139545
10.25,11,189.413882
5.535714,7,189.596271
10.071429,11,189.896091
3.678571,5,190.029569
10.642857,11,190.320461
8.5,10,190.581045
4.571429,6,190.747376
10.214286,11,191.031509
4.857143,6,191.189708
2.964286,4,191.304933
4.0,5,191.437132
10.714286,11,191.7174
10.321429,11,192.039108
10.25,11,192.319404
5.571429,7,192.510404
10.571429,11,192.783123
10.214286,11,193.059688
3.678571,5,193.213906
6.5,8,193.418636
4.678571,6,193.57283
3.678571,5,193.704487
10.25,11,193.980604
10.071429,11,194.263069
9.607143,11,194.536157
9.75,11,194.815747
10.5,11,195.089301
10.178571,11,195.350894
7.392857,9,195.580694
10.535714,11,195.848462
10.5,11,196.136843
5.428571,7,196.332219
3.714286,5,196.461931
3.0,4,196.567075
5.75,7,196.751467
5.75,7,196.936229
4.75,6,197.095069
10.214286,11,197.374434
5.214286,6,197.527671
10.642857,11,197.80321
10.464286,11,198.07507
5.714286,7,198.253823
10.178571,11,198.53524
10.321429,11,198.80649
8.714286,11,199.08658
10.25,11,199.359834
10.571429,11,199.629195
3.678571,5,199.761471
1.142857,2,199.815787
7.428571,9,200.044271
2.964286,4,200.151769
10.535714,11,200.437458
9.714286,11,200.710553
10.285714,11,200.983042
10.321429,11,201.255878
10.25,11,201.525568
10.25,11,201.786688
2.928571,4,201.891179
5.642857,7,202.069248
4.75,6,202.225415
7.428571,9,202.452954
4.535714,6,202.605761
1.821429,3,202.686233
5.607143,7,202.864397
10.392857,11,203.134665
4.678571,6,203.285665
10.357143,11,203.561913
10.392857,11,203.839213
4.821429,6,203.992169
10.714286,11,204.263444
10.642857,11,204.533825
6.25,8,204.735192
3.75,5,204.862264
5.464286,7,205.036264
8.821429,11,205.308128
10.25,11,205.580202
10.678571,11,205.84977
3.785714,5,205.998927
10.428571,11,206.297421
1.785714,3,206.378846
10.678571,11,206.647954
3.928571,5,206.774539
10.642857,11,207.053164
3.678571,5,207.182665
3.785714,5,207.33646
10.285714,11,207.627415
10.25,11,207.90297
4.75,6,208.058391
5.892857,7,208.239276
10.607143,11,208.510199
10.107143,11,208.784024
10.535714,11,209.070266
3.678571,5,209.206571
10.214286,11,209.47779
6.5,8,209.686615
4.571429,6,209.84145
9.892857,11,210.11638
9.571429,11,210.391959
6.535714,8,210.59852
10.035714,11,210.868332
10.25,11,211.138362
7.678571,9,211.367445
3.785714,5,211.510282
1.821429,3,211.595567
10.25,11,211.872566
3.0,4,211.980597
9.642857,11,212.269229
5.75,7,212.450081
3.857143,5,212.58198
7.392857,9,212.8275
10.107143,11,213.102576
9.928571,11,213.379302
3.821429,5,213.518249
10.428571,11,213.78533
10.464286,11,214.0709
5.571429,7,214.247917
10.285714,11,214.522753
7.392857,9,214.753572
10.0,11,215.048437
10.142857,11,215.32459
9.535714,11,215.597145
9.928571,11,215.866529
3.0,4,215.978366
10.25,11,216.248483
10.107143,11,216.538003
9.285714,11,216.819146
8.928571,11,217.092147
9.392857,11,217.373508
6.535714,8,217.573741
10.321429,11,217.846318
3.928571,5,217.978121
7.357143,9,218.205298
10.25,11,218.503713
10.321429,11,218.783995
4.821429,6,218.941561
10.571429,11,219.215443
5.535714,7,219.393152
2.0,3,219.477857
10.678571,11,219.781134
10.571429,11,220.149061
10.607143,11,220.45172
1.964286,3,220.534698
10.428571,11,220.807616
10.642857,11,221.075689
5.75,7,221.254047
3.785714,5,221.38321
3.0,4,221.488248
3.821429,5,221.617634
6.75,8,221.8261
10.571429,11,222.102002
10.392857,11,222.376601
10.535714,11,222.643106
7.357143,9,222.876981
10.535714,11,223.180086
4.928571,6,223.372147
10.5,11,223.643266
8.714286,11,223.928187
8.75,11,224.200071
3.714286,5,224.346223
6.321429,8,224.549613
9.821429,11,224.82077
9.25,11,225.092852
10.428571,11,225.365577
8.142857,10,225.62023
4.642857,6,225.780289
4.0,5,225.907827
5.0,6,226.061966
10.5,11,226.331566
10.571429,11,226.60496
6.464286,8,226.805566
6.464286,8,227.022611
9.785714,11,227.298843
10.142857,11,227.576472
7.821429,9,227.801922
10.678571,11,228.077224
4.714286,6,228.230593
10.5,11,228.512076
8.857143,11,228.787522
9.607143,11,229.063988
10.25,11,229.369799
6.392857,8,229.614753
9.535714,11,229.953087
4.678571,6,230.122105
5.571429,7,230.303613
10.464286,11,230.578948
6.357143,8,230.786721
10.678571,11,231.064421
10.535714,11,231.336199
5.535714,7,231.53281
7.5,9,231.774868
10.571429,11,232.055227
3.678571,5,232.187088
3.607143,5,232.32394
10.035714,11,232.61269
10.142857,11,232.888483
1.107143,2,232.943386
10.535714,11,233.206649
1.964286,3,233.285518
2.964286,4,233.389343
2.0,3,233.467006
4.964286,6,233.617028
9.607143,11,233.893104
8.642857,10,234.144813
10.642857,11,234.409285
10.678571,11,234.673076
9.928571,11,234.940727
3.571429,5,235.073889
3.0,4,235.200207
10.571429,11,235.495396
5.928571,7,235.675107
10.607143,11,235.958318
7.678571,9,236.186933
7.607143,9,236.425755
10.178571,11,236.714701
10.571429,11,237.025392
3.678571,5,237.152919
10.571429,11,237.418825
10.464286,11,237.700748
7.035714,9,237.932175
5.642857,7,238.113628
9.928571,11,238.399479
10.464286,11,238.673388
10.428571,11,238.948449
4.75,6,239.103649
3.75,5,239.233896
10.571429,11,239.502068
9.642857,11,239.783537
4.785714,6,239.954829
10.392857,11,240.232936
10.5,11,240.524642
3.75,5,240.692232
5.714286,7,240.907471
5.571429,7,241.102851
2.964286,4,241.225051
9.535714,11,241.501833
10.5,11,241.767048
8.75,11,242.041518
7.714286,9,242.269366
10.25,11,242.544097
10.535714,11,242.825175
10.5,11,243.107382
3.75,5,243.237367
5.714286,7,243.420077
10.464286,11,243.687512
3.785714,5,243.815823
2.0,3,243.895306
10.071429,11,244.165318
10.0,11,244.431239
3.785714,5,244.565376
9.571429,11,244.872205
3.0,4,245.021066
5.607143,7,245.248509
10.321429,11,245.518014
10.607143,11,245.801266
3.785714,5,245.932012
5.714286,7,246.116355
8.357143,11,246.395337
10.642857,11,246.668237
9.785714,11,246.943647
7.535714,9,247.175524
10.535714,11,247.449487
1.821429,3,247.529588
10.214286,11,247.806386
10.571429,11,248.092547
7.357143,9,248.338588
9.214286,11,248.613445
9.857143,11,248.923703
7.107143,9,249.156774
10.535714,11,249.433331
10.607143,11,249.703425
4.357143,6,249.858874
10.5,11,250.135829
4.0,5,250.267039
3.821429,5,250.397422
9.821429,11,250.680809
4.821429,6,250.838461
4.714286,6,250.995237
9.357143,11,251.274814
10.285714,11,251.530667
8.785714,10,251.813629
3.5,5,251.948017
7.785714,9,252.176558
10.464286,11,252.488121
5.678571,7,252.67098
10.571429,11,252.951227
9.892857,11,253.222719
10.535714,11,253.498764
10.607143,11,253.763782
10.642857,11,254.035988
9.285714,11,254.308721
5.607143,7,254.499443
6.464286,8,254.69773
3.642857,5,254.835155
10.035714,11,255.148358
10.035714,11,255.420345
9.75,11,255.697494
8.892857,11,255.981388
10.321429,11,256.246373
1.785714,3,256.33527
10.035714,11,256.606228
9.214286,11,256.91104
10.535714,11,257.180346
9.321429,11,257.453267
9.5,11,257.727093
10.678571,11,257.995575
2.964286,4,258.101424
8.464286,10,258.35217
10.678571,11,258.615575
2.0,3,258.69647
6.5,8,258.899743
4.535714,6,259.0579
10.392857,11,259.333189
9.964286,11,259.599956
10.678571,11,259.869544
4.821429,6,260.025657
10.0,11,260.296951
9.678571,11,260.570452
9.964286,11,260.843984
5.357143,7,261.022012
9.785714,11,261.299531
10.214286,11,261.568369
9.785714,11,261.841254
10.5,11,262.116669
5.714286,7,262.30336
4.642857,6,262.460358
9.607143,11,262.737363
3.785714,5,262.874553
10.321429,11,263.153886
6.714286,8,263.385243
10.571429,11,263.655722
10.642857,11,263.935064
9.857143,11,264.241461
10.714286,11,264.592205
5.928571,7,264.809313
2.964286,4,264.918427
6.285714,8,265.12077
9.607143,11,265.39397
8.392857,11,265.661639
3.785714,5,265.790679
4.642857,6,265.942987
10.107143,11,266.213606
7.964286,9,266.458136
10.607143,11,266.725626
10.464286,11,267.05272
8.0,10,267.367082
10.714286,11,267.686813
10.571429,11,267.952945
3.75,5,268.093144
3.75,5,268.223272
2.892857,4,268.329381
5.678571,7,268.506129
6.428571,8,268.709414
9.142857,11,268.980578
5.464286,7,269.15734
10.285714,11,269.451638
10.5,11,269.72352
9.25,11,270.003157
10.571429,11,270.284829
2.964286,4,270.391798
9.035714,11,270.667848
9.214286,11,270.974151
5.678571,7,271.160038
9.928571,11,271.438298
3.964286,5,271.567151
9.392857,11,271.847768
4.714286,6,272.01046
3.607143,5,272.148189
10.464286,11,272.427205
9.142857,11,272.696706
10.392857,11,272.96853
5.785714,7,273.147777
10.535714,11,273.468657
4.535714,6,273.621148
10.392857,11,273.919797
1.678571,3,274.024788
3.75,5,274.168877
7.071429,9,274.438252
9.75,11,274.780909
10.678571,11,275.065952
10.428571,11,275.335567
10.678571,11,275.613437
10.214286,11,275.899153
10.107143,11,276.201658
4.571429,6,276.362803
9.5,11,276.628522
1.785714,3,276.706843
10.571429,11,276.974177
5.714286,7,277.152262
3.714286,5,277.280022
10.571429,11,277.550156
5.678571,7,277.725763
10.25,11,277.991106
1.785714,3,278.071955
10.321429,11,278.380487
3.678571,5,278.519161
5.928571,7,278.699915
9.785714,11,278.981393
10.607143,11,279.261691
5.75,7,279.447525
10.0,11,279.733435
10.428571,11,280.00353
9.5,11,280.272339
10.357143,11,280.553328
8.535714,11,280.824733
3.785714,5,280.956685
1.25,2,281.011755
5.714286,7,281.191017
5.678571,7,281.372996
2.892857,4,281.476496
6.571429,8,281.682459
5.821429,7,281.866974
4.642857,6,282.022712
5.785714,7,282.20648
3.785714,5,282.336962
10.25,11,282.60812
8.107143,11,282.888182
10.321429,11,283.158247
10.392857,11,283.430278
10.035714,11,283.702517
1.964286,3,283.784299
10.464286,11,284.099108
10.678571,11,284.45238
5.571429,7,284.634879
4.821429,6,284.789668
3.785714,5,284.924898
10.535714,11,285.218272
10.5,11,285.493079
9.642857,11,285.763561
10.607143,11,286.036277
5.714286,7,286.214366
9.428571,11,286.580498
6.714286,8,286.80522
8.678571,11,287.076246
10.5,11,287.345072
9.214286,11,287.611976
10.428571,11,287.882317
10.571429,11,288.146549
8.75,11,288.415864
2.964286,4,288.521391
10.035714,11,288.798818
10.214286,11,289.071412
5.642857,7,289.2499
10.464286,11,289.520381
10.178571,11,289.788435
10.571429,11,290.05419
3.0,4,290.162894
5.928571,7,290.353947
8.178571,11,290.640042
10.321429,11,290.909383
5.535714,7,291.092764
9.357143,11,291.407888
1.714286,3,291.487582
9.25,11,291.756055
5.821429,7,291.93435
9.75,11,292.210165
3.75,5,292.341545
7.357143,9,292.564576
10.607143,11,292.833462
10.321429,11,293.104644
10.357143,11,293.375421
10.607143,11,293.641294
3.678571,5,293.806001
10.535714,11,294.077656
10.428571,11,294.345138
1.964286,3,294.424424
10.357143,11,294.696412
10.642857,11,294.977729
10.714286,11,295.272977
8.785714,11,295.545282
10.928571,11,295.817459
10.535714,11,296.08929
10.535714,11,296.355921
3.0,4,296.461492
7.714286,9,296.687619
7.821429,9,296.914568
10.214286,11,297.185429
9.642857,11,297.462012
10.5,11,297.726542
10.0,11,298.0048
8.607143,11,298.288155
5.642857,7,298.475443
7.857143,9,298.693603
9.928571,11,298.968332
5.714286,7,299.148203
10.25,11,299.41236
8.964286,11,299.706604
8.75,11,299.97787
3.0,4,300.081751
8.928571,11,300.351417
10.178571,11,300.649377
4.75,6,300.811543
10.5,11,301.0858
9.714286,11,301.380326
10.178571,11,301.674889
1.25,2,301.741842
10.428571,11,302.01898
10.357143,11,302.285514
6.464286,8,302.512093
6.178571,8,302.724024
9.571429,11,303.005423
6.285714,8,303.232623
9.821429,11,303.530283
10.428571,11,303.807257
8.571429,11,304.08185
9.642857,11,304.372211
10.285714,11,304.651438
8.428571,11,304.99969
4.785714,6,305.166569
8.928571,11,305.450226
7.785714,9,305.685395
8.678571,11,305.971781
10.5,11,306.276244
5.607143,7,306.48749
10.5,11,306.858061
2.964286,4,306.969695
5.821429,7,307.155702
4.714286,6,307.344832
3.0,4,307.450287
1.821429,3,307.537251
3.857143,5,307.669148
10.428571,11,307.945222
10.607143,11,308.211864
10.214286,11,308.494906
4.535714,6,308.650588
2.964286,4,308.755916
10.642857,11,309.018188
5.857143,7,309.207979
10.428571,11,309.484156
10.357143,11,309.754572
10.214286,11,310.024425
6.642857,8,310.228693
9.321429,11,310.500718
10.535714,11,310.774001
4.0,5,310.902984
3.0,4,311.011744
3.785714,5,311.143488
10.678571,11,311.430777
10.535714,11,311.693649
9.214286,11,311.969407
9.285714,11,312.237095
6.464286,8,312.476813
7.392857,9,312.748797
10.535714,11,313.032407
10.357143,11,313.305668
10.464286,11,313.578904
9.285714,11,313.859844
3.892857,5,313.989222
9.678571,11,314.266007
9.892857,11,314.538962
10.714286,11,314.812481
10.714286,11,315.084226
3.714286,5,315.214704
5.785714,7,315.395603
6.321429,8,315.599304
8.678571,10,315.850686
10.75,11,316.116555
10.535714,11,316.38887
10.678571,11,316.686925
1.821429,3,316.781575
3.75,5,316.910879
7.071429,9,317.143077
8.75,11,317.41668
1.821429,3,317.497656
10.642857,11,317.773176
1.857143,3,317.867489
1.821429,3,317.959388
1.142857,2,318.027116
9.642857,11,318.334773
10.928571,11,318.668376
10.321429,11,319.00714
10.214286,11,319.298059
8.071429,10,319.591538
10.464286,11,319.883758
9.785714,11,320.194123
8.714286,11,320.48884
10.321429,11,320.80024
10.285714,11,321.122706
8.714286,11,321.396464
10.178571,11,321.65424
8.285714,11,321.936533
3.785714,5,322.070604
10.535714,11,322.351559
1.785714,3,322.434944
10.25,11,322.711537
3.678571,5,322.843344
10.642857,11,323.110931
9.357143,11,323.385959
9.178571,11,323.676005
3.714286,5,323.850856
3.75,5,323.982892
10.535714,11,324.267309
10.035714,11,324.542243
8.857143,11,324.817871
10.428571,11,325.098637
10.5,11,325.369385
5.714286,7,325.548061
8.607143,11,325.836095
10.178571,11,326.107506
10.535714,11,326.394912
10.142857,11,326.668193
10.571429,11,326.9415
5.464286,7,327.127559
10.642857,11,327.404442
10.5,11,327.670562
6.678571,8,327.879628
5.964286,7,328.060117
5.357143,7,328.248469
10.357143,11,328.52617
9.857143,11,328.807312
9.107143,11,329.077303
10.571429,11,329.354264
10.178571,11,329.630208
10.642857,11,329.905054
8.642857,11,330.180068
8.464286,11,330.463682
10.428571,11,330.745067
4.785714,6,330.904831
4.821429,6,331.059763
9.571429,11,331.341066
4.535714,6,331.495665
9.678571,11,331.782989
10.607143,11,332.058941
10.535714,11,332.336649
6.464286,8,332.545459
8.535714,11,332.854714
4.785714,6,333.028103
3.75,5,333.171613
7.892857,10,333.442717
7.0,9,333.655655
2.928571,4,333.761798
9.785714,11,334.037247
10.464286,11,334.302461
10.0,11,334.574959
2.107143,3,334.655704
10.392857,11,334.929238
4.714286,6,335.085125
1.821429,3,335.165201
10.464286,11,335.435118
10.428571,11,335.710141
5.857143,7,335.888973
10.214286,11,336.163169
10.678571,11,336.430412
5.857143,7,336.614826
10.678571,11,336.883877
10.214286,11,337.151778
10.285714,11,337.42034
9.821429,11,337.697076
10.464286,11,337.966843
10.5,11,338.232856
10.214286,11,338.522115
4.0,5,338.653902
10.5,11,338.924862
10.321429,11,339.199485
10.0,11,339.470512
10.642857,11,339.785731
10.535714,11,340.055528
10.678571,11,340.331418
10.535714,11,340.599289
10.071429,11,340.910604
9.821429,11,341.257173
9.571429,11,341.533238
4.821429,6,341.695756
3.964286,5,341.832105
10.285714,11,342.097088
3.75,5,342.225904
7.321429,9,342.450785
10.214286,11,342.730438
2.892857,4,342.83706
9.892857,11,343.107831
8.464286,11,343.384187
9.607143,11,343.654381
10.107143,11,343.928522
10.607143,11,344.198588
10.035714,11,344.47412
10.357143,11,344.74306
5.821429,7,344.924072
1.75,3,345.002741
3.464286,5,345.133707
10.25,11,345.405741
10.642857,11,345.672653
3.928571,5,345.801577
10.642857,11,346.076548
3.928571,5,346.212085
10.357143,11,346.484335
4.857143,6,346.638924
10.464286,11,346.907121
5.714286,7,347.090276
3.785714,5,347.225068
6.5,8,347.428437
2.928571,4,347.534039
1.964286,3,347.615884
8.75,11,347.910662
9.535714,11,348.207448
8.928571,11,348.487608
10.392857,11,348.771546
8.642857,11,349.054024
10.321429,11,349.343044
8.785714,11,349.633958
9.5,11,349.940404
4.571429,6,350.098837
10.392857,11,350.379451
4.821429,6,350.535323
10.107143,11,350.822853
2.964286,4,350.934866
5.821429,7,351.123904
10.321429,11,351.404898
10.428571,11,351.683581
10.535714,11,351.958559
9.714286,11,352.244908
10.607143,11,352.569096
9.178571,11,352.843455
4.5,6,353.001768
4.571429,6,353.158768
10.571429,11,353.428085
4.0,5,353.559344
10.428571,11,353.830786
5.75,7,354.011887
6.321429,8,354.218128
8.535714,11,354.474265
9.785714,11,354.746269
6.535714,8,354.950702
4.0,5,355.078934
10.25,11,355.346338
10.285714,11,355.616105
8.892857,11,355.885452
5.535714,7,356.063838
8.714286,11,356.328348
9.785714,11,356.598739
10.535714,11,356.88776
10.535714,11,357.19792
10.428571,11,357.478693
10.642857,11,357.742335
6.571429,8,357.943347
10.607143,11,358.204465
10.392857,11,358.501855
6.464286,8,358.709707
10.357143,11,359.015313
2.0,3,359.097361
10.571429,11,359.382699
5.535714,7,359.581127
1.857143,3,359.662041
9.964286,11,359.933509
3.0,4,360.043341
10.607143,11,360.332769
10.464286,11,360.605329
10.571429,11,360.876761
10.464286,11,361.150461
3.0,4,361.261288
10.428571,11,361.547508
4.928571,6,361.69966
5.642857,7,361.879183
3.785714,5,362.018954
10.214286,11,362.327835
2.0,3,362.407301
10.428571,11,362.678942
10.5,11,362.953578
10.071429,11,363.227683
1.785714,3,363.308066
9.178571,11,363.585076
9.428571,11,363.862758
9.25,11,364.164355
8.964286,11,364.458081
4.0,5,364.595146
4.785714,6,364.753074
10.357143,11,365.074197
3.642857,5,365.210724
10.535714,11,365.496725
5.785714,7,365.682174
10.178571,11,365.996562
5.678571,7,366.17668
5.392857,7,366.369026
10.607143,11,366.632588
5.821429,7,366.811932
3.0,4,366.915237
10.071429,11,367.188379
10.214286,11,367.462291
10.464286,11,367.722285
10.642857,11,367.988312
9.178571,11,368.26031
10.285714,11,368.525168
10.035714,11,368.795069
10.464286,11,369.066952
9.607143,11,369.343379
10.464286,11,369.65145
10.714286,11,369.97779
10.714286,11,370.310188
10.357143,11,370.602959
9.285714,11,370.902905
3.785714,5,371.038226
4.857143,6,371.196027
10.25,11,371.508466
3.857143,5,371.655299
1.142857,2,371.712211
10.178571,11,371.996219
10.571429,11,372.285871
10.214286,11,372.566337
9.785714,11,372.885789
10.428571,11,373.157964
8.142857,10,373.423355
5.535714,7,373.607987
10.035714,11,373.886202
5.5,7,374.064752
10.642857,11,374.338187
5.964286,7,374.519966
9.607143,11,374.8091
9.107143,11,375.079508
10.5,11,375.353787
5.892857,7,375.5339
8.464286,11,375.823088
9.607143,11,376.09847
5.964286,7,376.289723
4.714286,6,376.443213
10.464286,11,376.71351
2.928571,4,376.820504
9.785714,11,377.095216
4.785714,6,377.254697
10.178571,11,377.529526
10.357143,11,377.804351
9.607143,11,378.102658
10.464286,11,378.376324
8.714286,11,378.649147
4.678571,6,378.804098
9.25,11,379.081593
8.392857,11,379.354701
5.821429,7,379.534249
10.142857,11,379.800832
10.464286,11,380.073868
9.321429,11,380.349328
9.75,11,380.621313
10.321429,11,380.892478
10.571429,11,381.223719
10.714286,11,381.491582
4.0,5,381.622224
10.214286,11,381.942143
6.321429,8,382.151754
10.071429,11,382.425194
10.571429,11,382.707968
5.678571,7,382.889827
5.785714,7,383.073961
10.0,11,383.347733
8.678571,11,383.619503
9.357143,11,383.905525
8.892857,11,384.183746
9.607143,11,384.485949
6.357143,8,384.696128
9.785714,11,384.974447
10.035714,11,385.259166
5.607143,7,385.440396
10.107143,11,385.711128
5.392857,7,385.917262
10.428571,11,386.193292
5.785714,7,386.373736
10.357143,11,386.64454
3.5,5,386.779407
6.75,8,386.985233
1.785714,3,387.08492
1.678571,3,387.16573
10.607143,11,387.432669
10.392857,11,387.707642
10.25,11,387.981049
10.285714,11,388.25163
10.428571,11,388.521003
10.428571,11,388.815452
10.642857,11,389.082979
5.75,7,389.265602
10.428571,11,389.533224
10.392857,11,389.801501
4.821429,6,389.957891
3.857143,5,390.109038
9.821429,11,390.383439
5.535714,7,390.562023
9.178571,11,390.836952
9.535714,11,391.120485
10.392857,11,391.387825
8.214286,11,391.667652
10.214286,11,391.937908
5.642857,7,392.11466
5.571429,7,392.295613
9.142857,11,392.603763
6.678571,8,392.835245
10.5,11,393.102822
10.678571,11,393.389489
4.714286,6,393.548913
6.678571,8,393.818175
10.571429,11,394.093403
10.571429,11,394.37164
8.5,10,394.631514
6.464286,8,394.84063
10.464286,11,395.110998
2.964286,4,395.220046
10.464286,11,395.532663
9.214286,11,395.805736
4.821429,6,395.964363
3.0,4,396.071575
10.035714,11,396.403186
10.571429,11,396.715178
4.678571,6,396.871763
3.75,5,397.002807
6.321429,8,397.216193
3.785714,5,397.345345
8.75,11,397.625223
10.642857,11,397.900393
10.642857,11,398.174018
10.178571,11,398.460109
4.785714,6,398.615834
10.107143,11,398.896327
6.571429,8,399.105439
3.785714,5,399.248003
3.75,5,399.379935
5.964286,7,399.563709
3.785714,5,399.699216
10.321429,11,399.976599
1.821429,3,400.056545
5.75,7,400.285494
9.321429,11,400.693412
1.857143,3,400.775925
10.714286,11,401.042154
10.321429,11,401.320981
10.571429,11,401.628344
9.571429,11,401.902077
10.321429,11,402.164288
9.642857,11,402.440368
6.464286,8,402.649528
9.678571,11,402.922937
6.642857,8,403.135874
9.25,11,403.414171
3.75,5,403.548889
6.25,8,403.757971
2.892857,4,403.864016
5.571429,7,404.040355
10.428571,11,404.311708
4.678571,6,404.465451
10.5,11,404.738621
7.25,9,404.97145
10.464286,11,405.245264
8.107143,11,405.524842
4.678571,6,405.677823
10.464286,11,405.948691
5.678571,7,406.133012
5.678571,7,406.327789
2.928571,4,406.434177
1.785714,3,406.515671
10.464286,11,406.790132
10.607143,11,407.061285
10.714286,11,407.330619
3.785714,5,407.458909
6.821429,8,407.694326
10.535714,11,407.96558
4.714286,6,408.121504
10.285714,11,408.445436
9.0,11,408.744452
9.321429,11,409.035336
3.714286,5,409.169039
9.892857,11,409.438357
9.928571,11,409.713295
10.107143,11,409.979843
4.785714,6,410.133612
4.785714,6,410.286881
10.285714,11,410.560054
10.642857,11,410.829966
9.178571,11,411.127009
3.75,5,411.276014
9.25,11,411.556134
10.607143,11,411.826653
10.464286,11,412.095934
2.964286,4,412.211194
2.964286,4,412.320787
10.535714,11,412.628682
4.964286,6,412.779972
4.75,6,412.932555
10.571429,11,413.208799
9.035714,11,413.499553
3.785714,5,413.62821
4.535714,6,413.780625
10.535714,11,414.058307
4.75,6,414.220499
10.357143,11,414.509227
3.642857,5,414.640097
3.642857,5,414.772872
8.678571,11,415.10083
10.178571,11,415.376836
9.821429,11,415.643723
5.928571,7,415.830971
5.285714,7,416.013946
10.357143,11,416.292138
10.714286,11,416.558573
10.678571,11,416.834468
8.642857,10,417.090023
10.214286,11,417.361928
6.535714,8,417.564893
9.892857,11,417.849679
8.607143,11,418.174981
10.5,11,418.443959
10.357143,11,418.717121
4.5,6,418.878306
10.214286,11,419.153538
5.678571,7,419.336048
10.25,11,419.607952
10.464286,11,419.882389
8.928571,11,420.163361
10.0,11,420.437818
3.642857,5,420.568228
10.285714,11,420.847333
8.714286,11,421.130726
4.678571,6,421.296104
10.142857,11,421.576777
4.642857,6,421.736665
3.0,4,421.850233
1.785714,3,421.934783
10.535714,11,422.223633
10.535714,11,422.512017
3.0,4,422.623738
8.821429,11,422.944311
5.75,7,423.123578
10.392857,11,423.422092
2.928571,4,423.527215
10.428571,11,423.845008
3.785714,5,423.979294
4.642857,6,424.14277
10.5,11,424.419536
10.464286,11,424.700357
10.678571,11,424.970155
10.214286,11,425.247757
10.178571,11,425.526527
5.392857,7,425.705572
10.214286,11,425.982709
2.928571,4,426.109742
10.535714,11,426.411332
10.535714,11,426.708607
10.357143,11,426.998919
10.464286,11,427.304784
5.785714,7,427.498602
3.964286,5,427.628789
10.642857,11,427.894688
9.071429,11,428.173846
5.892857,7,428.358053
10.392857,11,428.633068
10.178571,11,428.90711
10.464286,11,429.188412
4.0,5,429.357114
10.678571,11,429.635338
1.857143,3,429.730787
10.642857,11,430.04267
7.178571,9,430.274002
4.785714,6,430.427448
10.357143,11,430.697491
10.571429,11,430.988927
10.25,11,431.266202
10.678571,11,431.537465
10.5,11,431.814593
9.535714,11,432.107963
8.678571,11,432.371912
10.535714,11,432.642975
8.892857,11,432.913164
3.714286,5,433.048454
10.321429,11,433.327482
8.571429,11,433.626292
10.392857,11,433.916301
4.928571,6,434.075939
10.5,11,434.343189
10.392857,11,434.616858
10.142857,11,434.910232
8.678571,11,435.197066
10.428571,11,435.474872
9.392857,11,435.74615
10.464286,11,436.0202
6.714286,9,436.260294
10.535714,11,436.531532
10.642857,11,436.801428
10.678571,11,437.073411
5.821429,7,437.258711
3.0,4,437.407053
3.0,4,437.52188
10.607143,11,437.798432
10.535714,11,438.083394
4.642857,6,438.271455
10.428571,11,438.584405
10.678571,11,438.879046
8.392857,11,439.168171
1.821429,3,439.249524
3.75,5,439.378589
5.571429,7,439.559865
10.642857,11,439.841264
10.428571,11,440.113394
10.535714,11,440.387515
9.285714,11,440.663117
5.571429,7,440.864666
10.678571,11,441.148279
4.785714,6,441.313761
10.535714,11,441.593177
6.107143,8,441.833415
7.071429,9,442.074351
3.857143,5,442.206445
4.75,6,442.36362
8.928571,11,442.652555
10.535714,11,442.935121
10.285714,11,443.207347
10.571429,11,443.480645
10.714286,11,443.774915
1.964286,3,443.857559
3.714286,5,443.992585
10.178571,11,444.309941
9.75,11,444.633864
6.607143,8,444.863144
3.857143,5,444.991986
6.535714,8,445.197361
10.5,11,445.47599
8.607143,11,445.780626
10.285714,11,446.053713
10.464286,11,446.332521
8.678571,11,446.600378
9.428571,11,446.880644
10.464286,11,447.151791
10.178571,11,447.426541
10.214286,11,447.70582
5.892857,7,447.88683
10.464286,11,448.155972
3.821429,5,448.284566
9.785714,11,448.544039
3.928571,5,448.669882
10.428571,11,448.941344
10.428571,11,449.213376
10.392857,11,449.495474
2.928571,4,449.599568
9.678571,11,449.888267
10.5,11,450.160181
10.357143,11,450.452257
5.714286,7,450.647086
3.821429,5,450.78195
10.107143,11,451.058439
1.964286,3,451.141729
10.035714,11,451.42338
10.464286,11,451.691772
10.464286,11,451.964823
4.678571,6,452.124717
10.321429,11,452.401986
9.321429,11,452.684738
6.392857,8,452.89727
10.535714,11,453.183301
4.678571,6,453.340386
9.821429,11,453.607832
9.964286,11,453.888847
8.142857,10,454.140667
8.071429,11,454.420397
10.321429,11,454.688069
9.178571,11,454.981768
10.428571,11,455.273405
10.535714,11,455.546847
8.642857,11,455.820847
6.5,8,456.02811
9.107143,11,456.315338
10.5,11,456.618383
10.642857,11,456.90346
9.535714,11,457.181543
9.857143,11,457.487552
9.535714,11,457.787324
3.714286,5,457.915737
1.964286,3,457.995803
3.821429,5,458.126634
8.678571,11,458.402637
10.464286,11,458.66714
9.214286,11,458.941168
9.357143,11,459.213136
9.5,11,459.488088
4.0,5,459.617508
10.392857,11,459.887502
10.285714,11,460.161713
10.392857,11,460.453066
9.25,11,460.746306
10.357143,11,461.037941
1.785714,3,461.121128
5.964286,7,461.309889
10.607143,11,461.58727
8.75,11,461.869215
1.142857,2,461.933137
7.75,10,462.220252
10.785714,11,462.516268
9.25,11,462.810364
10.0,11,463.105551
3.857143,5,463.236279
3.857143,5,463.369267
9.392857,11,463.674457
1.714286,3,463.757696
4.571429,6,463.91934
3.607143,5,464.053474
10.428571,11,464.328824
10.214286,11,464.636841
5.428571,7,464.818779
10.25,11,465.092193
10.714286,11,465.366739
9.464286,11,465.70073
6.464286,8,465.897225
10.464286,11,466.171087
4.0,5,466.29958
9.071429,11,466.574954
10.142857,11,466.847128
8.678571,11,467.117947
8.285714,11,467.394528
7.142857,9,467.634254
10.428571,11,467.909698
10.464286,11,468.180171
8.0,11,468.440895
9.75,11,468.715275
1.75,3,468.795824
1.75,3,468.877319
5.714286,7,469.082833
8.892857,11,469.360294
7.142857,9,469.589494
10.071429,11,469.867053
5.821429,7,470.046084
3.0,4,470.154927
5.785714,7,470.335164
5.535714,7,470.514116
1.821429,3,470.593306
10.107143,11,470.879427
8.607143,11,471.167505
10.392857,11,471.464518
10.428571,11,471.737996
10.321429,11,472.040574
10.5,11,472.415058
9.428571,11,472.691862
6.5,8,472.908447
9.892857,11,473.193818
9.214286,11,473.472775
3.928571,5,473.601825
9.5,11,473.917884
9.321429,11,474.20314
9.071429,11,474.497507
9.428571,11,474.782646
10.535714,11,475.058086
9.571429,11,475.341538
2.928571,4,475.448539
10.607143,11,475.724142
9.857143,11,476.004199
9.071429,11,476.288294
10.571429,11,476.559456
10.178571,11,476.838961
4.428571,6,476.991631
10.535714,11,477.261687
5.928571,7,477.439695
8.821429,11,477.715054
9.785714,11,477.987515
10.214286,11,478.262829
1.857143,3,478.343445
10.464286,11,478.612782
9.464286,11,478.950868
3.785714,5,479.084741
7.75,9,479.32676
10.678571,11,479.642776
10.714286,11,479.904004
3.821429,5,480.033071
5.964286,8,480.243371
9.107143,11,480.53102
3.535714,5,480.664661
8.714286,11,480.962397
10.464286,11,481.232706
8.857143,11,481.532048
10.464286,11,481.815766
9.75,11,482.086047
1.75,3,482.164854
9.75,11,482.474988
8.642857,11,482.751846
9.142857,11,483.033027
5.535714,7,483.213323
3.607143,5,483.342919
5.678571,7,483.525371
10.5,11,483.796612
8.821429,11,484.070529
10.678571,11,484.343356
9.642857,11,484.620995
10.214286,11,484.897547
4.428571,6,485.056538
3.535714,5,485.188843
5.392857,7,485.366746
3.821429,5,485.504253
8.892857,11,485.782677
7.107143,9,486.012251
8.785714,11,486.30007
1.25,2,486.357074
10.678571,11,486.628095
9.892857,11,486.929895
5.0,6,487.084964
10.571429,11,487.36971
10.607143,11,487.644764
9.607143,11,487.937145
10.214286,11,488.213935
10.535714,11,488.489283
9.785714,11,488.769158
8.75,11,489.042437
4.0,5,489.17467
10.392857,11,489.45765
7.214286,9,489.690782
8.892857,11,489.973318
10.607143,11,490.251842
3.642857,5,490.384007
9.785714,11,490.652422
5.75,7,490.832941
10.5,11,491.100107
10.071429,11,491.378385
8.892857,11,491.658075
6.464286,8,491.860126
10.25,11,492.163798
10.357143,11,492.442125
3.0,4,492.552417
5.535714,7,492.751287
8.464286,11,493.064326
10.392857,11,493.355786
10.678571,11,493.621371
10.607143,11,493.893151
10.571429,11,494.154717
9.75,11,494.427512
10.5,11,494.69567
9.821429,11,494.974493
7.857143,10,495.233218
10.464286,11,495.500523
6.357143,8,495.720287
4.857143,6,495.877634
9.321429,11,496.153647
3.535714,5,496.287735
10.464286,11,496.558786
6.178571,8,496.763068
10.714286,11,497.028627
10.678571,11,497.304353
1.821429,3,497.383808
9.678571,11,497.662163
7.535714,10,497.907866
8.357143,11,498.192439
10.464286,11,498.468757
8.464286,11,498.747209
4.714286,6,498.901694
8.928571,11,499.225724
10.714286,11,499.521755
10.321429,11,499.806257
10.607143,11,500.124147
10.071429,11,500.399579
6.464286,8,500.606225
8.821429,11,500.886822
8.678571,11,501.160338
10.964286,11,501.444152
10.571429,11,501.715518
1.857143,3,501.797876
10.642857,11,502.063122
3.714286,5,502.196069
10.357143,11,502.455423
3.714286,5,502.586513
5.821429,7,502.767613
9.0,11,503.050714
5.821429,7,503.22878
1.821429,3,503.323405
10.678571,11,503.695528
8.821429,11,504.018999
10.142857,11,504.296978
9.964286,11,504.589367
10.535714,11,504.860928
9.357143,11,505.152587
10.0,11,505.429386
9.464286,11,505.722609
10.142857,11,505.995262
10.5,11,506.320281
9.821429,11,506.60793
8.928571,11,506.946196
3.678571,5,507.086271
10.321429,11,507.365456
5.642857,7,507.542551
4.75,6,507.704033
10.678571,11,507.971788
10.714286,11,508.243852
10.5,11,508.516888
8.75,11,508.788343
8.785714,10,509.037748
9.821429,11,509.335103
6.571429,8,509.563003
1.142857,2,509.619015
8.75,11,509.902377
10.678571,11,510.171423
3.642857,5,510.315521
10.428571,11,510.580609
3.535714,5,510.709246
10.464286,11,510.985458
10.535714,11,511.256224
9.714286,11,511.532788
10.464286,11,511.811102
7.535714,10,512.074242
10.607143,11,512.368219
10.464286,11,512.629244
9.607143,11,512.91424
9.321429,11,513.220306
5.928571,7,513.403257
3.0,4,513.509587
10.035714,11,513.801255
4.607143,6,513.96746
5.678571,7,514.148908
10.642857,11,514.483568
10.678571,11,514.750624
9.392857,11,515.039682
10.25,11,515.350959
10.642857,11,515.637504
3.714286,5,515.767275
1.785714,3,515.85365
6.5,8,516.073502
10.071429,11,516.365307
10.678571,11,516.648783
10.571429,11,516.918464
3.714286,5,517.053958
10.714286,11,517.338452
1.821429,3,517.420168
10.678571,11,517.745418
9.785714,11,518.050955
8.928571,11,518.328578
4.0,5,518.454851
9.571429,11,518.755235
5.714286,7,518.931055
10.464286,11,519.200229
10.392857,11,519.472377
10.642857,11,519.744519
1.142857,2,519.799846
